name,type,direction,description
smi_00,string,,Generated compound index 0 using MoLeR and Enamine building blocks
smi_01,string,,Generated compound index 1 using MoLeR and Enamine building blocks
smi_02,string,,Generated compound index 2 using MoLeR and Enamine building blocks
smi_03,string,,Generated compound index 3 using MoLeR and Enamine building blocks
smi_04,string,,Generated compound index 4 using MoLeR and Enamine building blocks
smi_05,string,,Generated compound index 5 using MoLeR and Enamine building blocks
smi_06,string,,Generated compound index 6 using MoLeR and Enamine building blocks
smi_07,string,,Generated compound index 7 using MoLeR and Enamine building blocks
smi_08,string,,Generated compound index 8 using MoLeR and Enamine building blocks
smi_09,string,,Generated compound index 9 using MoLeR and Enamine building blocks
smi_10,string,,Generated compound index 10 using MoLeR and Enamine building blocks
smi_11,string,,Generated compound index 11 using MoLeR and Enamine building blocks
smi_12,string,,Generated compound index 12 using MoLeR and Enamine building blocks
smi_13,string,,Generated compound index 13 using MoLeR and Enamine building blocks
smi_14,string,,Generated compound index 14 using MoLeR and Enamine building blocks
smi_15,string,,Generated compound index 15 using MoLeR and Enamine building blocks
smi_16,string,,Generated compound index 16 using MoLeR and Enamine building blocks
smi_17,string,,Generated compound index 17 using MoLeR and Enamine building blocks
smi_18,string,,Generated compound index 18 using MoLeR and Enamine building blocks
smi_19,string,,Generated compound index 19 using MoLeR and Enamine building blocks
smi_20,string,,Generated compound index 20 using MoLeR and Enamine building blocks
smi_21,string,,Generated compound index 21 using MoLeR and Enamine building blocks
smi_22,string,,Generated compound index 22 using MoLeR and Enamine building blocks
smi_23,string,,Generated compound index 23 using MoLeR and Enamine building blocks
smi_24,string,,Generated compound index 24 using MoLeR and Enamine building blocks
smi_25,string,,Generated compound index 25 using MoLeR and Enamine building blocks
smi_26,string,,Generated compound index 26 using MoLeR and Enamine building blocks
smi_27,string,,Generated compound index 27 using MoLeR and Enamine building blocks
smi_28,string,,Generated compound index 28 using MoLeR and Enamine building blocks
smi_29,string,,Generated compound index 29 using MoLeR and Enamine building blocks
smi_30,string,,Generated compound index 30 using MoLeR and Enamine building blocks
smi_31,string,,Generated compound index 31 using MoLeR and Enamine building blocks
smi_32,string,,Generated compound index 32 using MoLeR and Enamine building blocks
smi_33,string,,Generated compound index 33 using MoLeR and Enamine building blocks
smi_34,string,,Generated compound index 34 using MoLeR and Enamine building blocks
smi_35,string,,Generated compound index 35 using MoLeR and Enamine building blocks
smi_36,string,,Generated compound index 36 using MoLeR and Enamine building blocks
smi_37,string,,Generated compound index 37 using MoLeR and Enamine building blocks
smi_38,string,,Generated compound index 38 using MoLeR and Enamine building blocks
smi_39,string,,Generated compound index 39 using MoLeR and Enamine building blocks
smi_40,string,,Generated compound index 40 using MoLeR and Enamine building blocks
smi_41,string,,Generated compound index 41 using MoLeR and Enamine building blocks
smi_42,string,,Generated compound index 42 using MoLeR and Enamine building blocks
smi_43,string,,Generated compound index 43 using MoLeR and Enamine building blocks
smi_44,string,,Generated compound index 44 using MoLeR and Enamine building blocks
smi_45,string,,Generated compound index 45 using MoLeR and Enamine building blocks
smi_46,string,,Generated compound index 46 using MoLeR and Enamine building blocks
smi_47,string,,Generated compound index 47 using MoLeR and Enamine building blocks
smi_48,string,,Generated compound index 48 using MoLeR and Enamine building blocks
smi_49,string,,Generated compound index 49 using MoLeR and Enamine building blocks
smi_50,string,,Generated compound index 50 using MoLeR and Enamine building blocks
smi_51,string,,Generated compound index 51 using MoLeR and Enamine building blocks
smi_52,string,,Generated compound index 52 using MoLeR and Enamine building blocks
smi_53,string,,Generated compound index 53 using MoLeR and Enamine building blocks
smi_54,string,,Generated compound index 54 using MoLeR and Enamine building blocks
smi_55,string,,Generated compound index 55 using MoLeR and Enamine building blocks
smi_56,string,,Generated compound index 56 using MoLeR and Enamine building blocks
smi_57,string,,Generated compound index 57 using MoLeR and Enamine building blocks
smi_58,string,,Generated compound index 58 using MoLeR and Enamine building blocks
smi_59,string,,Generated compound index 59 using MoLeR and Enamine building blocks
smi_60,string,,Generated compound index 60 using MoLeR and Enamine building blocks
smi_61,string,,Generated compound index 61 using MoLeR and Enamine building blocks
smi_62,string,,Generated compound index 62 using MoLeR and Enamine building blocks
smi_63,string,,Generated compound index 63 using MoLeR and Enamine building blocks
smi_64,string,,Generated compound index 64 using MoLeR and Enamine building blocks
smi_65,string,,Generated compound index 65 using MoLeR and Enamine building blocks
smi_66,string,,Generated compound index 66 using MoLeR and Enamine building blocks
smi_67,string,,Generated compound index 67 using MoLeR and Enamine building blocks
smi_68,string,,Generated compound index 68 using MoLeR and Enamine building blocks
smi_69,string,,Generated compound index 69 using MoLeR and Enamine building blocks
smi_70,string,,Generated compound index 70 using MoLeR and Enamine building blocks
smi_71,string,,Generated compound index 71 using MoLeR and Enamine building blocks
smi_72,string,,Generated compound index 72 using MoLeR and Enamine building blocks
smi_73,string,,Generated compound index 73 using MoLeR and Enamine building blocks
smi_74,string,,Generated compound index 74 using MoLeR and Enamine building blocks
smi_75,string,,Generated compound index 75 using MoLeR and Enamine building blocks
smi_76,string,,Generated compound index 76 using MoLeR and Enamine building blocks
smi_77,string,,Generated compound index 77 using MoLeR and Enamine building blocks
smi_78,string,,Generated compound index 78 using MoLeR and Enamine building blocks
smi_79,string,,Generated compound index 79 using MoLeR and Enamine building blocks
smi_80,string,,Generated compound index 80 using MoLeR and Enamine building blocks
smi_81,string,,Generated compound index 81 using MoLeR and Enamine building blocks
smi_82,string,,Generated compound index 82 using MoLeR and Enamine building blocks
smi_83,string,,Generated compound index 83 using MoLeR and Enamine building blocks
smi_84,string,,Generated compound index 84 using MoLeR and Enamine building blocks
smi_85,string,,Generated compound index 85 using MoLeR and Enamine building blocks
smi_86,string,,Generated compound index 86 using MoLeR and Enamine building blocks
smi_87,string,,Generated compound index 87 using MoLeR and Enamine building blocks
smi_88,string,,Generated compound index 88 using MoLeR and Enamine building blocks
smi_89,string,,Generated compound index 89 using MoLeR and Enamine building blocks
smi_90,string,,Generated compound index 90 using MoLeR and Enamine building blocks
smi_91,string,,Generated compound index 91 using MoLeR and Enamine building blocks
smi_92,string,,Generated compound index 92 using MoLeR and Enamine building blocks
smi_93,string,,Generated compound index 93 using MoLeR and Enamine building blocks
smi_94,string,,Generated compound index 94 using MoLeR and Enamine building blocks
smi_95,string,,Generated compound index 95 using MoLeR and Enamine building blocks
smi_96,string,,Generated compound index 96 using MoLeR and Enamine building blocks
smi_97,string,,Generated compound index 97 using MoLeR and Enamine building blocks
smi_98,string,,Generated compound index 98 using MoLeR and Enamine building blocks
smi_99,string,,Generated compound index 99 using MoLeR and Enamine building blocks
